{
  "tte_years": 0.0136986301369863,
  "fits": [
    {
      "day": 1,
      "cubic_coefficients_high_to_low": [
        0.19013789587662855,
        0.01590441489764855,
        -0.02149770322764756,
        0.2744074207724653
      ]
    },
    {
      "day": 2,
      "cubic_coefficients_high_to_low": [
        0.1255167903291011,
        0.03767310228705476,
        -0.011883161156532422,
        0.2511284106202917
      ]
    },
    {
      "day": 3,
      "cubic_coefficients_high_to_low": [
        0.012163671342354415,
        0.012770114974329262,
        -0.002109681452296034,
        0.2267346969373171
      ]
    }
  ]
}