butterfly,resid_mean,resid_std,adf_t,half_life
UV_VISOR_AMBER - 0.5*(UV_VISOR_YELLOW+UV_VISOR_ORANGE),-2780.2872333333335,1285.8792459576102,-2.3120867050483773,6061.748760767652
UV_VISOR_RED - 0.5*(UV_VISOR_ORANGE+UV_VISOR_MAGENTA),294.144025,605.4596658226287,-1.5607575749835598,3434.3020131801145
UV_VISOR_ORANGE - 0.5*(UV_VISOR_AMBER+UV_VISOR_RED),939.0113,849.109741654346,-1.211460340926784,6774.8486856133795
