product,mid_mean,mid_std,ret_vol,abs_ret_mean,ret_ac1,mean_reversion_score,momentum_20,avg_spread,avg_top_depth,avg_total_depth,avg_abs_imbalance,jump_95,jump_99,max_abs_jump,trade_volume,trade_count,adf_t_mid,market_making_feasible,aggressive_crossing_feasible,role
UV_VISOR_AMBER,7911.696250000001,282.651287898537,7.954869516446952,6.347184718471848,-0.003816323237522913,0.003816323237522913,0.0016463473787821268,10.320500000000001,36.5396,99.1352,0.0013050843307864872,15.666666666666666,20.333333333333332,42.0,1805,733,-2.4136662333411105,True,True,trade_and_signal
UV_VISOR_MAGENTA,11111.7929,330.29677514679173,11.191435795448875,8.907440744074407,-0.0034184848460801207,0.0034184848460801207,-0.007393488650206378,14.0916,36.5128,99.1352,0.0013050843307864872,22.0,29.0,49.0,1805,733,-1.4773974849677785,True,True,trade_and_signal
UV_VISOR_ORANGE,10426.506216666667,352.60024736509985,10.454437717846082,8.331983198319833,0.001493088136749006,-0.001493088136749006,0.005007534885881057,13.2841,36.5128,99.1352,0.0013050843307864872,20.666666666666668,26.833333333333332,48.0,1805,733,-1.1105466343567267,True,True,trade_and_signal
UV_VISOR_RED,11063.293583333332,280.6753704897203,11.016838484633459,8.8011467813448,-0.003865702959761236,0.003865702959761236,-0.008672912363389547,14.039433333333333,36.5128,99.1352,0.0013050843307864872,21.5,28.0,46.0,1805,733,-2.505512025975857,True,True,trade_and_signal
UV_VISOR_YELLOW,10957.460749999998,559.857893124661,10.998564678456447,8.765176517651765,0.003194570762726266,-0.003194570762726266,-0.002099965193462936,13.909966666666667,36.5128,99.1352,0.0013050843307864872,21.350000000000062,28.333333333333332,48.0,1805,733,-1.3382546611482355,True,True,trade_and_signal
