product,category,family,name,params,day_2,day_3,day_4,total_pnl,mean_pnl,day_stdev,positive_days,max_drawdown,turnover,edge,avg_spread,active_ticks,param_fragility,score
MICROCHIP_TRIANGLE,microchip,basket_residual,MICROCHIP_TRIANGLE:ridge_microchip,"{""threshold"": 187.9415085654873, ""mult"": 0.6, ""resid_std"": 313.236}",2404.0,5249.5,5507.5,13161.0,4387.0,1406.143129272408,3,9713.5,7700.0,374.81315119461436,8.635433333333333,15850,0.0,1391.7069659729348
MICROCHIP_CIRCLE,microchip,basket_residual,MICROCHIP_CIRCLE:ridge_microchip,"{""threshold"": 499.9886137130577, ""mult"": 1.4, ""resid_std"": 357.135}",1523.5,2799.0,4318.0,8640.5,2880.1666666666665,1142.2926021334854,3,3678.5,3050.0,605.804513640754,8.262166666666667,5342,0.0,1347.0764752799007
ROBOT_LAUNDRY,robot,basket_residual,ROBOT_LAUNDRY:ridge_robot,"{""threshold"": 447.4854147848067, ""mult"": 1.4, ""resid_std"": 319.632}",2317.5,5821.0,1982.0,10120.5,3373.5,1736.0553466599695,3,4364.0,4920.0,548.6747139786534,7.165066666666666,5080,0.0,1283.7040246710199
MICROCHIP_RECTANGLE,microchip,basket_residual,MICROCHIP_RECTANGLE:ridge_microchip,"{""threshold"": 461.4759753377484, ""mult"": 1.4, ""resid_std"": 329.626}",4681.5,1611.0,3622.0,9914.5,3304.8333333333335,1273.4306899954242,3,5785.0,4770.0,590.3588599686119,7.885766666666667,4722,0.0,1234.2433848363078
ROBOT_IRONING,robot,basket_residual,ROBOT_IRONING:ridge_robot,"{""threshold"": 369.0771556536431, ""mult"": 1.0, ""resid_std"": 369.077}",1782.0,9575.5,1778.0,13135.5,4378.5,3674.8343046546556,3,4995.0,5730.0,505.0729259194643,6.392933333333333,11297,0.0,887.7177019744739
SLEEP_POD_POLYESTER,sleep,basket_residual,SLEEP_POD_POLYESTER:ridge_sleep,"{""threshold"": 458.2293109365741, ""mult"": 1.4, ""resid_std"": 327.307}",2045.0,4295.0,3128.5,9468.5,3156.1666666666665,918.7669575154639,3,4321.5,2560.0,602.0946454427981,10.2957,4857,1693.5,801.8381442816149
SLEEP_POD_COTTON,sleep,crossing_high_edge,SLEEP_POD_COTTON:static_fair,"{""threshold"": 14.070279999999999, ""fair"": 11527.614, ""mult"": 1.4}",11503.0,306.0,7084.0,18893.0,6297.666666666667,4604.84833867764,3,15150.0,2290.0,744.9997999533113,10.0502,29666,0.0,233.29524652620083
