day,sum_mean,sum_std,sum_min,sum_max,strict_size_order_pct,adf_sum_t,sum_half_life,PEBBLES_XS_lt_PEBBLES_S_pct,PEBBLES_S_lt_PEBBLES_M_pct,PEBBLES_M_lt_PEBBLES_L_pct,PEBBLES_L_lt_PEBBLES_XL_pct
2,49999.908,2.815693309449964,49981.5,50016.0,0.2115,-1737119.0306099697,0.7086279322031468,0.8495,0.6132,0.6249,0.7645
3,49999.97,2.757827144883469,49981.5,50016.5,0.2156,-1805993.7227802218,0.6957455427561064,1.0,0.8146,0.401,1.0
4,49999.94075,2.821437663417155,49981.5,50016.0,0.3596,-1749293.065363054,0.7021550673755081,1.0,1.0,0.3596,1.0
