product,mean_mid,ret_vol,abs_ret_mean,return_ac1,mean_reversion_score,momentum_score_20,avg_spread,avg_top_depth,avg_book_depth,jump_95,jump_99,adf_mid_t,trade_count,trade_volume,passive_mm_feasible,aggressive_crossing_feasible
PEBBLES_L,10174.110583333333,15.024691511442748,11.99189918991899,0.00686880251715349,-0.00686880251715349,-0.011251152291304039,13.0205,24.813633333333332,75.2192,29.333333333333332,38.67000000000007,-1.009674738267966,644,2283,1.0,1.0
PEBBLES_M,10263.243183333334,15.132741320341973,12.083758375837583,-0.004845104338977071,0.004845104338977071,-0.03452972070983955,13.1209,24.813633333333332,75.2192,29.683333333333394,38.67333333333348,-1.8248001939801244,644,2283,1.0,1.0
PEBBLES_S,8932.356733333332,15.019624915530642,11.987632096542988,0.007777596157675382,-0.007777596157675382,0.02148854012276641,11.551533333333333,24.813633333333332,75.2192,29.350000000000062,38.50666666666681,-2.174315038448239,644,2283,1.0,1.0
PEBBLES_XL,13225.589316666666,30.312633418002587,24.1955528886222,0.007604101273020526,-0.007604101273020526,-0.03842919085096904,16.630766666666666,24.813633333333332,75.2192,59.35000000000006,78.17000000000007,-1.4470965138658336,644,2283,1.0,1.0
PEBBLES_XS,7404.639766666666,15.051810505222273,12.031586491982532,-0.015700136934744594,0.015700136934744594,-0.04372867569746911,9.744866666666667,26.795333333333332,75.2192,29.333333333333332,38.666666666666664,-1.4986980442394435,644,2283,1.0,1.0
