{
  "delta_pnl_per_s0": -46321.7572448033,
  "gamma_pnl_per_s0_sq": -112177.53662083995,
  "value_down": 168618.4895075939,
  "value_mid": 166442.6235661298,
  "value_up": 163986.31378311358
}