{
  "price_mean": [
    0.0013334667310118675,
    0.002646362641826272,
    0.0040595512837171555,
    0.005493864417076111,
    0.006911789067089558
  ],
  "price_scale": [
    1.003649115562439,
    1.2913572788238525,
    1.5252138376235962,
    1.7294964790344238,
    1.908643364906311
  ],
  "voucher_mean": 258.0321910955478,
  "voucher_scale": 394.5377329332463,
  "volatility_mean": 0.5485857629576197,
  "volatility_scale": 0.868378819870176
}