trader,activity,trade_events,alpha_sum,aggressive_rate,informed_score_raw,informed_score,is_informed,is_aggressive
Mark 14,3012,764,545.5,0.0,9.939562551664912,0.4315880512958954,0.0,0.0
Mark 01,2261,550,337.0,0.0,7.087280469217984,0.31004152188199663,0.0,0.0
Mark 55,2109,384,-242.5,1.0,-5.280480620250774,-0.21699556406974288,0.0,1.0
Mark 38,1823,544,-517.0,1.0,-12.108691338220682,-0.5079714531599383,0.0,1.0
Mark 22,1806,474,-472.5,0.8860759493670886,-11.11841652603965,-0.4657720973082386,0.0,0.0
Mark 67,519,58,1049.0,1.0,46.04598940901483,1.9702194864738456,1.0,1.0
Mark 49,380,40,-699.5,0.025,-35.88359286417827,-1.521109945113818,1.0,0.0
