{
  "runs": 2,
  "total_pnl": 309.0,
  "realized_pnl": 563.1999999999953,
  "unrealized_pnl": -254.19999999999345,
  "submitted_volume": 207,
  "filled_volume": 207,
  "fill_ratio": 1.0
}