mean_path,std_path,std_100,q01_100,q05_100,q50_100,q95_100,q99_100,prob_avg_lt_0,cvar05_100,cvar01_100,bootstrap_reps
164289.48262137457,3442611.4457709524,344261.1445770952,-644931.900875631,-400917.1919890854,163206.4399503211,729813.2494366512,968439.3522015106,0.31537,-551574.7549734461,-773438.749293926,200000.0
