leader,follower,lag,corr_mean,corr_min,corr_max,corr_std,n_days,same_category,category_leader,category_follower,score
MICROCHIP_CIRCLE,MICROCHIP_SQUARE,100,0.06079288219398183,0.04495361713762547,0.07225762915304104,0.01416790649574505,3,True,microchip,microchip,0.15974598482169997
MICROCHIP_CIRCLE,MICROCHIP_OVAL,50,0.05076614273536509,0.04943876007749084,0.05325953343086035,0.0021608466656156413,3,True,microchip,microchip,0.14907710064755608
