split,train,test,signals,test_gross,test_net,test_aligned
"train +2, test +3/+4",2,"3,4",91809,1.2214382192970166,-10.127462848671902,0.5081092267642606
"train +2/+3, test +4","2,3",4,51920,1.208068705154782,-10.198820862028622,0.49768875192604006
leave-one-day-out test +2,"3,4",2,50370,1.1774811226891204,-10.06996196514977,0.5136390708755212
leave-one-day-out test +3,"2,4",3,51643,1.1890863444306523,-10.16167337638981,0.5041341517727476
leave-one-day-out test +4,"2,3",4,51920,1.208068705154782,-10.198820862028622,0.49768875192604006
