{
  "total_pnl": 57417.0,
  "realized_pnl": 53866.00000000002,
  "unrealized_pnl": 3551.0,
  "final_positions": {
    "EMERALDS": 4,
    "TOMATOES": -30
  },
  "metrics": {
    "max_drawdown": 987.0,
    "mean_step_pnl_change": 57.474474474474476,
    "pnl_volatility": 148.70600382860732,
    "sharpe_like": 12.216006356841126,
    "fill_ratio": 1.0
  },
  "submitted_volume": 3104,
  "filled_volume": 3104
}