{
  "total_pnl": -113497.0,
  "realized_pnl": -107582.00000000006,
  "unrealized_pnl": -5914.999999999913,
  "final_positions": {
    "EMERALDS": 4,
    "TOMATOES": 80
  },
  "metrics": {
    "max_drawdown": 113497.0,
    "mean_step_pnl_change": -113.6106106106106,
    "pnl_volatility": 425.14245569592634,
    "sharpe_like": -8.446312806498474,
    "fill_ratio": 1.0
  },
  "submitted_volume": 3678,
  "filled_volume": 3678
}