trader,count,quantity,mean,std,total,hit_rate,buys,sells,t_stat
Mark 01,1843,7428,0.06619641888225719,1.6578906900388395,122.0,0.20618556701030927,1599,244,1.714120189875884
Mark 14,2172,8718,-0.007366482504604052,4.7300397432254115,-16.0,0.43830570902394106,1127,1045,-0.07258139021559147
Mark 22,1584,5889,-0.12026515151515152,1.4517594458846583,-190.5,0.15467171717171718,42,1542,-3.2970287252067805
Mark 38,1478,5000,-0.039918809201623814,5.4709267155375105,-59.0,0.4688768606224628,733,745,-0.28051358417405003
Mark 49,122,1186,-2.1188524590163933,2.993141801823019,-258.5,0.18032786885245902,17,105,-7.8190382887094705
Mark 55,1198,6551,0.02671118530884808,2.9883713977268584,32.0,0.4749582637729549,598,600,0.30937626941364665
Mark 67,165,1510,2.242424242424242,2.8357506752342747,370.0,0.7575757575757576,165,0,10.157614061608811
