product,ret_vol,abs_ret_mean,ret_ac1,ret_ac10,ret_ac50,mean_reversion_score,momentum_score,avg_spread,avg_top_depth,avg_book_depth,liquidity_score,jump_95,jump_99,max_jump,trade_volume,trade_count,mid_adf_t,return_adf_t,market_making_feasible,aggressive_crossing_feasible,decision
GALAXY_SOUNDS_BLACK_HOLES,11.447457785158866,9.10966096609661,-0.015915602235160056,0.0002411725662208753,-0.0023849543859073507,0.0016722364638719458,0.001138230945838273,14.512766666666666,36.5128,99.1352,2.526996083000764,22.666666666666668,29.666666666666668,51.5,1805,733,-0.7442569308871407,-32.7021971153845,1.0,1.0,trade
GALAXY_SOUNDS_DARK_MATTER,10.243923782258081,8.175117511751175,-0.01169475765059072,-0.014409426335022554,0.003943016214593709,0.006837095166962562,0.001853993331507997,13.050833333333335,36.5128,99.1352,2.7981327607468596,20.0,26.5,40.0,1805,733,-1.7959251690776636,-33.43981129559847,1.0,1.0,trade
GALAXY_SOUNDS_PLANETARY_RINGS,10.861377227489653,8.657565756575657,-0.004194424108159044,0.001971108970099907,-0.003996135918636859,-0.0004427802501570952,-0.002648941696197372,13.690033333333332,36.5128,99.1352,2.6753610927310683,21.333333333333332,28.166666666666668,47.0,1805,733,-0.8904993763192591,-32.55608083666775,1.0,1.0,trade
GALAXY_SOUNDS_SOLAR_FLAMES,11.093421228732632,8.855018835216855,-0.012191441606018925,0.008764761375137634,-0.001180972366061724,0.0012055947443426664,0.002743052162509217,14.071533333333335,36.5128,99.1352,2.595110283284096,21.833333333333332,29.0,51.0,1805,733,-1.5759777301760147,-33.12463505905159,1.0,1.0,trade
GALAXY_SOUNDS_SOLAR_WINDS,10.53346936420913,8.394456112277895,-0.007750922549863648,0.00554543364664769,0.001189328762210537,-0.0012168784990279908,-0.0016545338593109105,13.301266666666669,36.5128,99.1352,2.747963971378183,20.833333333333332,27.333333333333332,43.0,1805,733,-1.1700451221682553,-33.25139032180566,1.0,1.0,trade
